{"__symbolic":"module","version":4,"metadata":{"CustomHammerConfig":{"__symbolic":"class","extends":{"__symbolic":"reference","module":"@angular/platform-browser","name":"HammerGestureConfig","line":34,"character":40},"decorators":[{"__symbolic":"call","expression":{"__symbolic":"reference","module":"@angular/core","name":"Injectable","line":31,"character":1},"arguments":[{"providedIn":"root"}]}],"members":{},"statics":{"ngInjectableDef":{}}},"NgxGalleryModule":{"__symbolic":"class","decorators":[{"__symbolic":"call","expression":{"__symbolic":"reference","module":"@angular/core","name":"NgModule","line":41,"character":1},"arguments":[{"imports":[{"__symbolic":"reference","module":"@angular/common","name":"CommonModule","line":43,"character":8},{"__symbolic":"reference","module":"@angular/cdk/overlay","name":"OverlayModule","line":44,"character":2},{"__symbolic":"reference","module":"@angular/material/icon","name":"MatIconModule","line":45,"character":8}],"declarations":[{"__symbolic":"reference","name":"NgxGalleryActionComponent"},{"__symbolic":"reference","name":"NgxGalleryArrowsComponent"},{"__symbolic":"reference","name":"NgxGalleryBulletsComponent"},{"__symbolic":"reference","name":"NgxGalleryImageComponent"},{"__symbolic":"reference","name":"NgxGalleryThumbnailsComponent"},{"__symbolic":"reference","name":"NgxGalleryPreviewComponent"},{"__symbolic":"reference","name":"NgxGalleryComponent"}],"exports":[{"__symbolic":"reference","name":"NgxGalleryComponent"}],"providers":[{"provide":{"__symbolic":"reference","module":"@angular/platform-browser","name":"HAMMER_GESTURE_CONFIG","line":60,"character":19},"useClass":{"__symbolic":"reference","name":"CustomHammerConfig"}}]}]}],"members":{}},"NgxGalleryComponent":{"__symbolic":"class","decorators":[{"__symbolic":"call","expression":{"__symbolic":"reference","module":"@angular/core","name":"Component","line":14,"character":1},"arguments":[{"selector":"ngx-gallery","template":"\n    <div class=\"ngx-gallery-layout {{currentOptions?.layout}}\">\n        <ngx-gallery-image *ngIf=\"currentOptions?.image\" [style.height]=\"getImageHeight()\" [images]=\"mediumImages\" [clickable]=\"currentOptions?.preview\" [selectedIndex]=\"selectedIndex\" [arrows]=\"currentOptions?.imageArrows\" [arrowsAutoHide]=\"currentOptions?.imageArrowsAutoHide\" [arrowPrevIcon]=\"currentOptions?.arrowPrevIcon\" [arrowNextIcon]=\"currentOptions?.arrowNextIcon\" [swipe]=\"currentOptions?.imageSwipe\" [animation]=\"currentOptions?.imageAnimation\" [size]=\"currentOptions?.imageSize\" [autoPlay]=\"currentOptions?.imageAutoPlay\" [autoPlayInterval]=\"currentOptions?.imageAutoPlayInterval\" [autoPlayPauseOnHover]=\"currentOptions?.imageAutoPlayPauseOnHover\" [infinityMove]=\"currentOptions?.imageInfinityMove\"  [lazyLoading]=\"currentOptions?.lazyLoading\" [actions]=\"currentOptions?.imageActions\" [descriptions]=\"descriptions\" [showDescription]=\"currentOptions?.imageDescription\" [bullets]=\"currentOptions?.imageBullets\" (onClick)=\"openPreview($event)\" (onActiveChange)=\"selectFromImage($event)\"></ngx-gallery-image>\n\n        <ngx-gallery-thumbnails *ngIf=\"currentOptions?.thumbnails\" [style.marginTop]=\"getThumbnailsMarginTop()\" [style.marginBottom]=\"getThumbnailsMarginBottom()\" [style.height]=\"getThumbnailsHeight()\" [images]=\"smallImages\" [links]=\"currentOptions?.thumbnailsAsLinks ? links : []\" [labels]=\"labels\" [linkTarget]=\"currentOptions?.linkTarget\" [selectedIndex]=\"selectedIndex\" [columns]=\"currentOptions?.thumbnailsColumns\" [rows]=\"currentOptions?.thumbnailsRows\" [margin]=\"currentOptions?.thumbnailMargin\" [arrows]=\"currentOptions?.thumbnailsArrows\" [arrowsAutoHide]=\"currentOptions?.thumbnailsArrowsAutoHide\" [arrowPrevIcon]=\"currentOptions?.arrowPrevIcon\" [arrowNextIcon]=\"currentOptions?.arrowNextIcon\" [clickable]=\"currentOptions?.image || currentOptions?.preview\" [swipe]=\"currentOptions?.thumbnailsSwipe\" [size]=\"currentOptions?.thumbnailSize\" [moveSize]=\"currentOptions?.thumbnailsMoveSize\" [order]=\"currentOptions?.thumbnailsOrder\" [remainingCount]=\"currentOptions?.thumbnailsRemainingCount\" [lazyLoading]=\"currentOptions?.lazyLoading\" [actions]=\"currentOptions?.thumbnailActions\"  (onActiveChange)=\"selectFromThumbnails($event)\"></ngx-gallery-thumbnails>\n\n        <ngx-gallery-preview [images]=\"bigImages\" [descriptions]=\"descriptions\" [arrowPrevIcon]=\"currentOptions?.previewPrevIconOption\" [arrowNextIcon]=\"currentOptions?.previewNextIconOption\" [closeIcon]=\"currentOptions?.closeIcon\" [fullscreenIcon]=\"currentOptions?.fullscreenIcon\" [spinnerIcon]=\"currentOptions?.spinnerIcon\" [arrows]=\"currentOptions?.previewArrows\" [arrowsAutoHide]=\"currentOptions?.previewArrowsAutoHide\" [swipe]=\"currentOptions?.previewSwipe\" [fullscreen]=\"currentOptions?.previewFullscreen\" [forceFullscreen]=\"currentOptions?.previewForceFullscreen\" [closeOnClick]=\"currentOptions?.previewCloseOnClick\" [closeOnEsc]=\"currentOptions?.previewCloseOnEsc\" [keyboardNavigation]=\"currentOptions?.previewKeyboardNavigation\" [animation]=\"currentOptions?.previewAnimation\" [autoPlay]=\"currentOptions?.previewAutoPlay\" [autoPlayInterval]=\"currentOptions?.previewAutoPlayInterval\" [autoPlayPauseOnHover]=\"currentOptions?.previewAutoPlayPauseOnHover\" [infinityMove]=\"currentOptions?.imageInfinityMove\" [zoom]=\"currentOptions?.previewZoom\" [zoomStep]=\"currentOptions?.previewZoomStep\" [zoomMax]=\"currentOptions?.previewZoomMax\" [zoomMin]=\"currentOptions?.previewZoomMin\" [zoomInIcon]=\"currentOptions?.zoomInIcon\" [zoomOutIcon]=\"currentOptions?.zoomOutIcon\" [actions]=\"currentOptions?.actions\" [rotate]=\"currentOptions?.previewRotate\" [rotateLeftIcon]=\"currentOptions?.rotateLeftIcon\" [rotateRightIcon]=\"currentOptions?.rotateRightIcon\" [download]=\"currentOptions?.previewDownload\" [downloadIcon]=\"currentOptions?.downloadIcon\" [bullets]=\"currentOptions?.previewBullets\" (onClose)=\"onPreviewClose()\" (onOpen)=\"onPreviewOpen()\" (onActiveChange)=\"previewSelect($event)\" [class.ngx-gallery-active]=\"previewEnabled\" [showDescription]=\"currentOptions?.imageDescription\"></ngx-gallery-preview>\n    </div>\n    ","providers":[{"__symbolic":"reference","name":"NgxGalleryHelperService"}],"styles":[":host{display:inline-block}:host>*{float:left}:host ::ng-deep *{box-sizing:border-box}:host ::ng-deep .ngx-gallery-icon{color:#fff;font-size:25px;position:absolute;z-index:2000;display:inline-block}:host ::ng-deep .ngx-gallery-icon .ngx-gallery-icon-content{display:block}:host ::ng-deep .ngx-gallery-clickable{cursor:pointer}:host ::ng-deep .ngx-gallery-icons-wrapper .ngx-gallery-icon{position:relative;margin-right:5px;margin-top:5px;font-size:20px;cursor:pointer}:host ::ng-deep .ngx-gallery-icons-wrapper{float:right}:host .ngx-gallery-layout{width:100%;height:100%;display:flex;flex-direction:column}:host .ngx-gallery-layout.thumbnails-top ngx-gallery-image{order:2}:host .ngx-gallery-layout.thumbnails-top ngx-gallery-thumbnails{order:1}:host .ngx-gallery-layout.thumbnails-bottom ngx-gallery-image{order:1}:host .ngx-gallery-layout.thumbnails-bottom ngx-gallery-thumbnails{order:2}"]}]}],"members":{"options":[{"__symbolic":"property","decorators":[{"__symbolic":"call","expression":{"__symbolic":"reference","module":"@angular/core","name":"Input","line":29,"character":5}}]}],"images":[{"__symbolic":"property","decorators":[{"__symbolic":"call","expression":{"__symbolic":"reference","module":"@angular/core","name":"Input","line":30,"character":5}}]}],"imagesReady":[{"__symbolic":"property","decorators":[{"__symbolic":"call","expression":{"__symbolic":"reference","module":"@angular/core","name":"Output","line":32,"character":5}}]}],"change":[{"__symbolic":"property","decorators":[{"__symbolic":"call","expression":{"__symbolic":"reference","module":"@angular/core","name":"Output","line":33,"character":5}}]}],"previewOpen":[{"__symbolic":"property","decorators":[{"__symbolic":"call","expression":{"__symbolic":"reference","module":"@angular/core","name":"Output","line":34,"character":5}}]}],"previewClose":[{"__symbolic":"property","decorators":[{"__symbolic":"call","expression":{"__symbolic":"reference","module":"@angular/core","name":"Output","line":35,"character":5}}]}],"previewChange":[{"__symbolic":"property","decorators":[{"__symbolic":"call","expression":{"__symbolic":"reference","module":"@angular/core","name":"Output","line":36,"character":5}}]}],"widthOption":[{"__symbolic":"property","decorators":[{"__symbolic":"call","expression":{"__symbolic":"reference","module":"@angular/core","name":"Input","line":38,"character":5}}]}],"heightOption":[{"__symbolic":"property","decorators":[{"__symbolic":"call","expression":{"__symbolic":"reference","module":"@angular/core","name":"Input","line":39,"character":5}}]}],"thumbnailsColumnsOption":[{"__symbolic":"property","decorators":[{"__symbolic":"call","expression":{"__symbolic":"reference","module":"@angular/core","name":"Input","line":40,"character":5}}]}],"startIndexOption":[{"__symbolic":"property","decorators":[{"__symbolic":"call","expression":{"__symbolic":"reference","module":"@angular/core","name":"Input","line":41,"character":5}}]}],"imageDescriptionOption":[{"__symbolic":"property","decorators":[{"__symbolic":"call","expression":{"__symbolic":"reference","module":"@angular/core","name":"Input","line":42,"character":5}}]}],"imageArrowsOption":[{"__symbolic":"property","decorators":[{"__symbolic":"call","expression":{"__symbolic":"reference","module":"@angular/core","name":"Input","line":43,"character":5}}]}],"thumbnailsArrowsOption":[{"__symbolic":"property","decorators":[{"__symbolic":"call","expression":{"__symbolic":"reference","module":"@angular/core","name":"Input","line":44,"character":5}}]}],"previewArrowsOption":[{"__symbolic":"property","decorators":[{"__symbolic":"call","expression":{"__symbolic":"reference","module":"@angular/core","name":"Input","line":45,"character":5}}]}],"imageSwipeOption":[{"__symbolic":"property","decorators":[{"__symbolic":"call","expression":{"__symbolic":"reference","module":"@angular/core","name":"Input","line":46,"character":5}}]}],"thumbnailsSwipeOption":[{"__symbolic":"property","decorators":[{"__symbolic":"call","expression":{"__symbolic":"reference","module":"@angular/core","name":"Input","line":47,"character":5}}]}],"previewSwipeOption":[{"__symbolic":"property","decorators":[{"__symbolic":"call","expression":{"__symbolic":"reference","module":"@angular/core","name":"Input","line":48,"character":5}}]}],"imageAutoPlayOption":[{"__symbolic":"property","decorators":[{"__symbolic":"call","expression":{"__symbolic":"reference","module":"@angular/core","name":"Input","line":49,"character":5}}]}],"imageAutoPlayIntervalOption":[{"__symbolic":"property","decorators":[{"__symbolic":"call","expression":{"__symbolic":"reference","module":"@angular/core","name":"Input","line":50,"character":5}}]}],"imageAutoPlayPauseOnHoverOption":[{"__symbolic":"property","decorators":[{"__symbolic":"call","expression":{"__symbolic":"reference","module":"@angular/core","name":"Input","line":51,"character":5}}]}],"imageInfinityMoveOption":[{"__symbolic":"property","decorators":[{"__symbolic":"call","expression":{"__symbolic":"reference","module":"@angular/core","name":"Input","line":52,"character":5}}]}],"previewOption":[{"__symbolic":"property","decorators":[{"__symbolic":"call","expression":{"__symbolic":"reference","module":"@angular/core","name":"Input","line":53,"character":5}}]}],"arrowPrevIconOption":[{"__symbolic":"property","decorators":[{"__symbolic":"call","expression":{"__symbolic":"reference","module":"@angular/core","name":"Input","line":54,"character":5}}]}],"arrowNextIconOption":[{"__symbolic":"property","decorators":[{"__symbolic":"call","expression":{"__symbolic":"reference","module":"@angular/core","name":"Input","line":55,"character":5}}]}],"previewPrevIconOption":[{"__symbolic":"property","decorators":[{"__symbolic":"call","expression":{"__symbolic":"reference","module":"@angular/core","name":"Input","line":56,"character":5}}]}],"previewNextIconOption":[{"__symbolic":"property","decorators":[{"__symbolic":"call","expression":{"__symbolic":"reference","module":"@angular/core","name":"Input","line":57,"character":5}}]}],"thumbnailsOption":[{"__symbolic":"property","decorators":[{"__symbolic":"call","expression":{"__symbolic":"reference","module":"@angular/core","name":"Input","line":58,"character":5}}]}],"preview":[{"__symbolic":"property","decorators":[{"__symbolic":"call","expression":{"__symbolic":"reference","module":"@angular/core","name":"ViewChild","line":80,"character":5},"arguments":[{"__symbolic":"reference","name":"NgxGalleryPreviewComponent"}]}]}],"image":[{"__symbolic":"property","decorators":[{"__symbolic":"call","expression":{"__symbolic":"reference","module":"@angular/core","name":"ViewChild","line":82,"character":5},"arguments":[{"__symbolic":"reference","name":"NgxGalleryImageComponent"}]}]}],"thubmnails":[{"__symbolic":"property","decorators":[{"__symbolic":"call","expression":{"__symbolic":"reference","module":"@angular/core","name":"ViewChild","line":84,"character":5},"arguments":[{"__symbolic":"reference","name":"NgxGalleryThumbnailsComponent"}]}]}],"width":[{"__symbolic":"property","decorators":[{"__symbolic":"call","expression":{"__symbolic":"reference","module":"@angular/core","name":"HostBinding","line":86,"character":5},"arguments":["style.width"]}]}],"height":[{"__symbolic":"property","decorators":[{"__symbolic":"call","expression":{"__symbolic":"reference","module":"@angular/core","name":"HostBinding","line":87,"character":5},"arguments":["style.height"]}]}],"left":[{"__symbolic":"property","decorators":[{"__symbolic":"call","expression":{"__symbolic":"reference","module":"@angular/core","name":"HostBinding","line":88,"character":5},"arguments":["style.left"]}]}],"__ctor__":[{"__symbolic":"constructor","parameters":[{"__symbolic":"reference","module":"@angular/core","name":"ElementRef","line":90,"character":35}]}],"ngOnInit":[{"__symbolic":"method"}],"ngDoCheck":[{"__symbolic":"method"}],"ngAfterViewInit":[{"__symbolic":"method"}],"onResize":[{"__symbolic":"method","decorators":[{"__symbolic":"call","expression":{"__symbolic":"reference","module":"@angular/core","name":"HostListener","line":159,"character":5},"arguments":["window:resize"]}]}],"getImageHeight":[{"__symbolic":"method"}],"getThumbnailsHeight":[{"__symbolic":"method"}],"getThumbnailsMarginTop":[{"__symbolic":"method"}],"getThumbnailsMarginBottom":[{"__symbolic":"method"}],"openPreview":[{"__symbolic":"method"}],"onPreviewOpen":[{"__symbolic":"method"}],"onPreviewClose":[{"__symbolic":"method"}],"selectFromImage":[{"__symbolic":"method"}],"selectFromThumbnails":[{"__symbolic":"method"}],"show":[{"__symbolic":"method"}],"showNext":[{"__symbolic":"method"}],"showPrev":[{"__symbolic":"method"}],"canShowNext":[{"__symbolic":"method"}],"canShowPrev":[{"__symbolic":"method"}],"previewSelect":[{"__symbolic":"method"}],"moveThumbnailsRight":[{"__symbolic":"method"}],"moveThumbnailsLeft":[{"__symbolic":"method"}],"canMoveThumbnailsRight":[{"__symbolic":"method"}],"canMoveThumbnailsLeft":[{"__symbolic":"method"}],"resetThumbnails":[{"__symbolic":"method"}],"select":[{"__symbolic":"method"}],"checkFullWidth":[{"__symbolic":"method"}],"setImages":[{"__symbolic":"method"}],"setBreakpoint":[{"__symbolic":"method"}],"sortOptions":[{"__symbolic":"method"}],"setOptions":[{"__symbolic":"method"}],"combineOptions":[{"__symbolic":"method"}]}},"NgxGalleryActionComponent":{"__symbolic":"class","decorators":[{"__symbolic":"call","expression":{"__symbolic":"reference","module":"@angular/core","name":"Component","line":2,"character":1},"arguments":[{"selector":"ngx-gallery-action","template":"\n        <div class=\"ngx-gallery-icon\" [class.ngx-gallery-icon-disabled]=\"disabled\"\n            aria-hidden=\"true\"\n            title=\"{{ titleText }}\"\n            (click)=\"handleClick($event)\">\n                <!--<i class=\"ngx-gallery-icon-content {{ icon }}\"></i>-->\n          <mat-icon class=\"ngx-gallery-icon-content\">{{ icon }}</mat-icon>\n        </div>","changeDetection":{"__symbolic":"select","expression":{"__symbolic":"reference","module":"@angular/core","name":"ChangeDetectionStrategy","line":12,"character":21},"member":"OnPush"}}]}],"members":{"icon":[{"__symbolic":"property","decorators":[{"__symbolic":"call","expression":{"__symbolic":"reference","module":"@angular/core","name":"Input","line":15,"character":5}}]}],"disabled":[{"__symbolic":"property","decorators":[{"__symbolic":"call","expression":{"__symbolic":"reference","module":"@angular/core","name":"Input","line":16,"character":5}}]}],"titleText":[{"__symbolic":"property","decorators":[{"__symbolic":"call","expression":{"__symbolic":"reference","module":"@angular/core","name":"Input","line":17,"character":5}}]}],"onClick":[{"__symbolic":"property","decorators":[{"__symbolic":"call","expression":{"__symbolic":"reference","module":"@angular/core","name":"Output","line":19,"character":5}}]}],"handleClick":[{"__symbolic":"method"}]}},"NgxGalleryImageComponent":{"__symbolic":"class","decorators":[{"__symbolic":"call","expression":{"__symbolic":"reference","module":"@angular/core","name":"Component","line":8,"character":1},"arguments":[{"selector":"ngx-gallery-image","template":"\n        <div class=\"ngx-gallery-image-wrapper ngx-gallery-animation-{{animation}} ngx-gallery-image-size-{{size}}\">\n            <div class=\"ngx-gallery-image\" *ngFor=\"let image of getImages(); let i = index;\" [ngClass]=\"{ 'ngx-gallery-active': selectedIndex == image.index, 'ngx-gallery-inactive-left': selectedIndex > image.index, 'ngx-gallery-inactive-right': selectedIndex < image.index, 'ngx-gallery-clickable': clickable }\" [style.background-image]=\"getSafeUrl(image.src)\" (click)=\"handleClick($event, image.index)\">\n                <div class=\"ngx-gallery-icons-wrapper\">\n                    <ngx-gallery-action *ngFor=\"let action of actions\" [icon]=\"action.icon\" [disabled]=\"action.disabled\" [titleText]=\"action.titleText\" (onClick)=\"action.onClick($event, image.index)\"></ngx-gallery-action>\n                </div>\n                <div class=\"ngx-gallery-image-text\" *ngIf=\"showDescription && descriptions[image.index]\" [innerHTML]=\"descriptions[image.index]\" (click)=\"$event.stopPropagation()\"></div>\n            </div>\n        </div>\n        <ngx-gallery-bullets *ngIf=\"bullets\" [count]=\"images.length\" [active]=\"selectedIndex\" (onChange)=\"show($event)\"></ngx-gallery-bullets>\n        <ngx-gallery-arrows class=\"ngx-gallery-image-size-{{size}}\" *ngIf=\"arrows\" (onPrevClick)=\"showPrev()\" (onNextClick)=\"showNext()\" [prevDisabled]=\"!canShowPrev()\" [nextDisabled]=\"!canShowNext()\" [arrowPrevIcon]=\"arrowPrevIcon\" [arrowNextIcon]=\"arrowNextIcon\"></ngx-gallery-arrows>\n    ","styles":[":host{width:100%;display:inline-block;position:relative}.ngx-gallery-image-wrapper{width:100%;height:100%;position:absolute;left:0;top:0;overflow:hidden}.ngx-gallery-image{background-position:center;background-repeat:no-repeat;height:100%;width:100%;position:absolute;top:0}.ngx-gallery-image.ngx-gallery-active{z-index:1000}.ngx-gallery-image-size-cover .ngx-gallery-image{background-size:cover}.ngx-gallery-image-size-contain .ngx-gallery-image{background-size:contain}.ngx-gallery-animation-fade .ngx-gallery-image{left:0;opacity:0;transition:.5s ease-in-out}.ngx-gallery-animation-fade .ngx-gallery-image.ngx-gallery-active{opacity:1}.ngx-gallery-animation-slide .ngx-gallery-image{transition:.5s ease-in-out}.ngx-gallery-animation-slide .ngx-gallery-image.ngx-gallery-active{left:0}.ngx-gallery-animation-slide .ngx-gallery-image.ngx-gallery-inactive-left{left:-100%}.ngx-gallery-animation-slide .ngx-gallery-image.ngx-gallery-inactive-right{left:100%}.ngx-gallery-animation-rotate .ngx-gallery-image{transition:1s;transform:scale(3.5,3.5) rotate(90deg);left:0;opacity:0}.ngx-gallery-animation-rotate .ngx-gallery-image.ngx-gallery-active{transform:scale(1,1) rotate(0);opacity:1}.ngx-gallery-animation-zoom .ngx-gallery-image{transition:1s;transform:scale(2.5,2.5);left:0;opacity:0}.ngx-gallery-animation-zoom .ngx-gallery-image.ngx-gallery-active{transform:scale(1,1);opacity:1}.ngx-gallery-image-text{width:100%;background:rgba(0,0,0,.7);padding:10px;text-align:center;color:#fff;font-size:16px;position:absolute;bottom:0;z-index:10}"]}]}],"members":{"images":[{"__symbolic":"property","decorators":[{"__symbolic":"call","expression":{"__symbolic":"reference","module":"@angular/core","name":"Input","line":25,"character":5}}]}],"clickable":[{"__symbolic":"property","decorators":[{"__symbolic":"call","expression":{"__symbolic":"reference","module":"@angular/core","name":"Input","line":26,"character":5}}]}],"selectedIndex":[{"__symbolic":"property","decorators":[{"__symbolic":"call","expression":{"__symbolic":"reference","module":"@angular/core","name":"Input","line":27,"character":5}}]}],"arrows":[{"__symbolic":"property","decorators":[{"__symbolic":"call","expression":{"__symbolic":"reference","module":"@angular/core","name":"Input","line":28,"character":5}}]}],"arrowsAutoHide":[{"__symbolic":"property","decorators":[{"__symbolic":"call","expression":{"__symbolic":"reference","module":"@angular/core","name":"Input","line":29,"character":5}}]}],"swipe":[{"__symbolic":"property","decorators":[{"__symbolic":"call","expression":{"__symbolic":"reference","module":"@angular/core","name":"Input","line":30,"character":5}}]}],"animation":[{"__symbolic":"property","decorators":[{"__symbolic":"call","expression":{"__symbolic":"reference","module":"@angular/core","name":"Input","line":31,"character":5}}]}],"size":[{"__symbolic":"property","decorators":[{"__symbolic":"call","expression":{"__symbolic":"reference","module":"@angular/core","name":"Input","line":32,"character":5}}]}],"arrowPrevIcon":[{"__symbolic":"property","decorators":[{"__symbolic":"call","expression":{"__symbolic":"reference","module":"@angular/core","name":"Input","line":33,"character":5}}]}],"arrowNextIcon":[{"__symbolic":"property","decorators":[{"__symbolic":"call","expression":{"__symbolic":"reference","module":"@angular/core","name":"Input","line":34,"character":5}}]}],"autoPlay":[{"__symbolic":"property","decorators":[{"__symbolic":"call","expression":{"__symbolic":"reference","module":"@angular/core","name":"Input","line":35,"character":5}}]}],"autoPlayInterval":[{"__symbolic":"property","decorators":[{"__symbolic":"call","expression":{"__symbolic":"reference","module":"@angular/core","name":"Input","line":36,"character":5}}]}],"autoPlayPauseOnHover":[{"__symbolic":"property","decorators":[{"__symbolic":"call","expression":{"__symbolic":"reference","module":"@angular/core","name":"Input","line":37,"character":5}}]}],"infinityMove":[{"__symbolic":"property","decorators":[{"__symbolic":"call","expression":{"__symbolic":"reference","module":"@angular/core","name":"Input","line":38,"character":5}}]}],"lazyLoading":[{"__symbolic":"property","decorators":[{"__symbolic":"call","expression":{"__symbolic":"reference","module":"@angular/core","name":"Input","line":39,"character":5}}]}],"actions":[{"__symbolic":"property","decorators":[{"__symbolic":"call","expression":{"__symbolic":"reference","module":"@angular/core","name":"Input","line":40,"character":5}}]}],"descriptions":[{"__symbolic":"property","decorators":[{"__symbolic":"call","expression":{"__symbolic":"reference","module":"@angular/core","name":"Input","line":41,"character":5}}]}],"showDescription":[{"__symbolic":"property","decorators":[{"__symbolic":"call","expression":{"__symbolic":"reference","module":"@angular/core","name":"Input","line":42,"character":5}}]}],"bullets":[{"__symbolic":"property","decorators":[{"__symbolic":"call","expression":{"__symbolic":"reference","module":"@angular/core","name":"Input","line":43,"character":5}}]}],"onClick":[{"__symbolic":"property","decorators":[{"__symbolic":"call","expression":{"__symbolic":"reference","module":"@angular/core","name":"Output","line":45,"character":5}}]}],"onActiveChange":[{"__symbolic":"property","decorators":[{"__symbolic":"call","expression":{"__symbolic":"reference","module":"@angular/core","name":"Output","line":46,"character":5}}]}],"__ctor__":[{"__symbolic":"constructor","parameters":[{"__symbolic":"reference","module":"@angular/platform-browser","name":"DomSanitizer","line":52,"character":38},{"__symbolic":"reference","module":"@angular/core","name":"ElementRef","line":53,"character":28},{"__symbolic":"reference","name":"NgxGalleryHelperService"}]}],"ngOnInit":[{"__symbolic":"method"}],"ngOnChanges":[{"__symbolic":"method"}],"onMouseEnter":[{"__symbolic":"method","decorators":[{"__symbolic":"call","expression":{"__symbolic":"reference","module":"@angular/core","name":"HostListener","line":71,"character":5},"arguments":["mouseenter"]}]}],"onMouseLeave":[{"__symbolic":"method","decorators":[{"__symbolic":"call","expression":{"__symbolic":"reference","module":"@angular/core","name":"HostListener","line":81,"character":5},"arguments":["mouseleave"]}]}],"reset":[{"__symbolic":"method"}],"getImages":[{"__symbolic":"method"}],"startAutoPlay":[{"__symbolic":"method"}],"stopAutoPlay":[{"__symbolic":"method"}],"handleClick":[{"__symbolic":"method"}],"show":[{"__symbolic":"method"}],"showNext":[{"__symbolic":"method"}],"showPrev":[{"__symbolic":"method"}],"setChangeTimeout":[{"__symbolic":"method"}],"canShowNext":[{"__symbolic":"method"}],"canShowPrev":[{"__symbolic":"method"}],"getSafeUrl":[{"__symbolic":"method"}]}},"NgxGalleryThumbnailsComponent":{"__symbolic":"class","decorators":[{"__symbolic":"call","expression":{"__symbolic":"reference","module":"@angular/core","name":"Component","line":7,"character":1},"arguments":[{"selector":"ngx-gallery-thumbnails","template":"\n    <div class=\"ngx-gallery-thumbnails-wrapper ngx-gallery-thumbnail-size-{{size}}\">\n        <div class=\"ngx-gallery-thumbnails\" [style.transform]=\"'translateX(' + thumbnailsLeft + ')'\" [style.marginLeft]=\"thumbnailsMarginLeft\">\n            <a [href]=\"hasLink(i) ? links[i] : '#'\" [target]=\"linkTarget\" class=\"ngx-gallery-thumbnail\" *ngFor=\"let image of getImages(); let i = index;\" [style.background-image]=\"getSafeUrl(image)\" (click)=\"handleClick($event, i)\" [style.width]=\"getThumbnailWidth()\" [style.height]=\"getThumbnailHeight()\" [style.left]=\"getThumbnailLeft(i)\" [style.top]=\"getThumbnailTop(i)\" [ngClass]=\"{ 'ngx-gallery-active': i == selectedIndex, 'ngx-gallery-clickable': clickable }\" [attr.aria-label]=\"labels[i]\">\n                <div class=\"ngx-gallery-icons-wrapper\">\n                    <ngx-gallery-action *ngFor=\"let action of actions\" [icon]=\"action.icon\" [disabled]=\"action.disabled\" [titleText]=\"action.titleText\" (onClick)=\"action.onClick($event, i)\"></ngx-gallery-action>\n                </div>\n                <div class=\"ngx-gallery-remaining-count-overlay\" *ngIf=\"remainingCount && remainingCountValue && (i == (rows * columns) - 1)\">\n                    <span class=\"ngx-gallery-remaining-count\">+{{remainingCountValue}}</span>\n                </div>\n            </a>\n        </div>\n    </div>\n    <ngx-gallery-arrows *ngIf=\"canShowArrows()\" (onPrevClick)=\"moveLeft()\" (onNextClick)=\"moveRight()\" [prevDisabled]=\"!canMoveLeft()\" [nextDisabled]=\"!canMoveRight()\" [arrowPrevIcon]=\"arrowPrevIcon\" [arrowNextIcon]=\"arrowNextIcon\"></ngx-gallery-arrows>\n    ","styles":[":host{width:100%;display:inline-block;position:relative}.ngx-gallery-thumbnails-wrapper{width:100%;height:100%;position:absolute;overflow:hidden}.ngx-gallery-thumbnails{height:100%;width:100%;position:absolute;left:0;transform:translateX(0);transition:transform .5s ease-in-out;will-change:transform}.ngx-gallery-thumbnails .ngx-gallery-thumbnail{position:absolute;height:100%;background-position:center;background-repeat:no-repeat;text-decoration:none}.ngx-gallery-thumbnail-size-cover .ngx-gallery-thumbnails .ngx-gallery-thumbnail{background-size:cover}.ngx-gallery-thumbnail-size-contain .ngx-gallery-thumbnails .ngx-gallery-thumbnail{background-size:contain}.ngx-gallery-remaining-count-overlay{width:100%;height:100%;position:absolute;left:0;top:0;background-color:rgba(0,0,0,.4)}.ngx-gallery-remaining-count{position:absolute;top:50%;left:50%;transform:translate(-50%,-50%);color:#fff;font-size:30px}"]}]}],"members":{"images":[{"__symbolic":"property","decorators":[{"__symbolic":"call","expression":{"__symbolic":"reference","module":"@angular/core","name":"Input","line":35,"character":5}}]}],"links":[{"__symbolic":"property","decorators":[{"__symbolic":"call","expression":{"__symbolic":"reference","module":"@angular/core","name":"Input","line":36,"character":5}}]}],"labels":[{"__symbolic":"property","decorators":[{"__symbolic":"call","expression":{"__symbolic":"reference","module":"@angular/core","name":"Input","line":37,"character":5}}]}],"linkTarget":[{"__symbolic":"property","decorators":[{"__symbolic":"call","expression":{"__symbolic":"reference","module":"@angular/core","name":"Input","line":38,"character":5}}]}],"columns":[{"__symbolic":"property","decorators":[{"__symbolic":"call","expression":{"__symbolic":"reference","module":"@angular/core","name":"Input","line":39,"character":5}}]}],"rows":[{"__symbolic":"property","decorators":[{"__symbolic":"call","expression":{"__symbolic":"reference","module":"@angular/core","name":"Input","line":40,"character":5}}]}],"arrows":[{"__symbolic":"property","decorators":[{"__symbolic":"call","expression":{"__symbolic":"reference","module":"@angular/core","name":"Input","line":41,"character":5}}]}],"arrowsAutoHide":[{"__symbolic":"property","decorators":[{"__symbolic":"call","expression":{"__symbolic":"reference","module":"@angular/core","name":"Input","line":42,"character":5}}]}],"margin":[{"__symbolic":"property","decorators":[{"__symbolic":"call","expression":{"__symbolic":"reference","module":"@angular/core","name":"Input","line":43,"character":5}}]}],"selectedIndex":[{"__symbolic":"property","decorators":[{"__symbolic":"call","expression":{"__symbolic":"reference","module":"@angular/core","name":"Input","line":44,"character":5}}]}],"clickable":[{"__symbolic":"property","decorators":[{"__symbolic":"call","expression":{"__symbolic":"reference","module":"@angular/core","name":"Input","line":45,"character":5}}]}],"swipe":[{"__symbolic":"property","decorators":[{"__symbolic":"call","expression":{"__symbolic":"reference","module":"@angular/core","name":"Input","line":46,"character":5}}]}],"size":[{"__symbolic":"property","decorators":[{"__symbolic":"call","expression":{"__symbolic":"reference","module":"@angular/core","name":"Input","line":47,"character":5}}]}],"arrowPrevIcon":[{"__symbolic":"property","decorators":[{"__symbolic":"call","expression":{"__symbolic":"reference","module":"@angular/core","name":"Input","line":48,"character":5}}]}],"arrowNextIcon":[{"__symbolic":"property","decorators":[{"__symbolic":"call","expression":{"__symbolic":"reference","module":"@angular/core","name":"Input","line":49,"character":5}}]}],"moveSize":[{"__symbolic":"property","decorators":[{"__symbolic":"call","expression":{"__symbolic":"reference","module":"@angular/core","name":"Input","line":50,"character":5}}]}],"order":[{"__symbolic":"property","decorators":[{"__symbolic":"call","expression":{"__symbolic":"reference","module":"@angular/core","name":"Input","line":51,"character":5}}]}],"remainingCount":[{"__symbolic":"property","decorators":[{"__symbolic":"call","expression":{"__symbolic":"reference","module":"@angular/core","name":"Input","line":52,"character":5}}]}],"lazyLoading":[{"__symbolic":"property","decorators":[{"__symbolic":"call","expression":{"__symbolic":"reference","module":"@angular/core","name":"Input","line":53,"character":5}}]}],"actions":[{"__symbolic":"property","decorators":[{"__symbolic":"call","expression":{"__symbolic":"reference","module":"@angular/core","name":"Input","line":54,"character":5}}]}],"onActiveChange":[{"__symbolic":"property","decorators":[{"__symbolic":"call","expression":{"__symbolic":"reference","module":"@angular/core","name":"Output","line":56,"character":5}}]}],"__ctor__":[{"__symbolic":"constructor","parameters":[{"__symbolic":"reference","module":"@angular/platform-browser","name":"DomSanitizer","line":60,"character":38},{"__symbolic":"reference","module":"@angular/core","name":"ElementRef","line":60,"character":72},{"__symbolic":"reference","name":"NgxGalleryHelperService"}]}],"ngOnChanges":[{"__symbolic":"method"}],"onMouseEnter":[{"__symbolic":"method","decorators":[{"__symbolic":"call","expression":{"__symbolic":"reference","module":"@angular/core","name":"HostListener","line":78,"character":5},"arguments":["mouseenter"]}]}],"onMouseLeave":[{"__symbolic":"method","decorators":[{"__symbolic":"call","expression":{"__symbolic":"reference","module":"@angular/core","name":"HostListener","line":82,"character":5},"arguments":["mouseleave"]}]}],"reset":[{"__symbolic":"method"}],"getImages":[{"__symbolic":"method"}],"handleClick":[{"__symbolic":"method"}],"hasLink":[{"__symbolic":"method"}],"moveRight":[{"__symbolic":"method"}],"moveLeft":[{"__symbolic":"method"}],"canMoveRight":[{"__symbolic":"method"}],"canMoveLeft":[{"__symbolic":"method"}],"getThumbnailLeft":[{"__symbolic":"method"}],"getThumbnailTop":[{"__symbolic":"method"}],"getThumbnailWidth":[{"__symbolic":"method"}],"getThumbnailHeight":[{"__symbolic":"method"}],"setThumbnailsPosition":[{"__symbolic":"method"}],"setDefaultPosition":[{"__symbolic":"method"}],"canShowArrows":[{"__symbolic":"method"}],"validateIndex":[{"__symbolic":"method"}],"getSafeUrl":[{"__symbolic":"method"}],"getThumbnailPosition":[{"__symbolic":"method"}],"getThumbnailDimension":[{"__symbolic":"method"}],"getMaxIndex":[{"__symbolic":"method"}],"getVisibleCount":[{"__symbolic":"method"}],"getSafeStyle":[{"__symbolic":"method"}]}},"NgxGalleryPreviewComponent":{"__symbolic":"class","decorators":[{"__symbolic":"call","expression":{"__symbolic":"reference","module":"@angular/core","name":"Component","line":6,"character":1},"arguments":[{"selector":"ngx-gallery-preview","template":"\n        <ngx-gallery-arrows *ngIf=\"arrows\" (onPrevClick)=\"showPrev()\" (onNextClick)=\"showNext()\" [prevDisabled]=\"!canShowPrev()\" [nextDisabled]=\"!canShowNext()\" [arrowPrevIcon]=\"arrowPrevIcon\" [arrowNextIcon]=\"arrowNextIcon\"></ngx-gallery-arrows>\n        <div class=\"ngx-gallery-preview-top\">\n            <div class=\"ngx-gallery-preview-icons\">\n                <ngx-gallery-action *ngFor=\"let action of actions\" [icon]=\"action.icon\" [disabled]=\"action.disabled\" [titleText]=\"action.titleText\" (onClick)=\"action.onClick($event, index)\"></ngx-gallery-action>\n                <a *ngIf=\"download && src\" [href]=\"src\" class=\"ngx-gallery-icon\" aria-hidden=\"true\" download>\n\n                  <mat-icon class=\"ngx-gallery-icon-content\">{{ downloadIcon }}</mat-icon>\n                </a>\n                <ngx-gallery-action *ngIf=\"zoom\" [icon]=\"zoomOutIcon\" [disabled]=\"!canZoomOut()\" (onClick)=\"zoomOut()\"></ngx-gallery-action>\n                <ngx-gallery-action *ngIf=\"zoom\" [icon]=\"zoomInIcon\" [disabled]=\"!canZoomIn()\" (onClick)=\"zoomIn()\"></ngx-gallery-action>\n                <ngx-gallery-action *ngIf=\"rotate\" [icon]=\"rotateLeftIcon\" (onClick)=\"rotateLeft()\"></ngx-gallery-action>\n                <ngx-gallery-action *ngIf=\"rotate\" [icon]=\"rotateRightIcon\" (onClick)=\"rotateRight()\"></ngx-gallery-action>\n                <ngx-gallery-action *ngIf=\"fullscreen\" [icon]=\"fullscreenIcon\" (onClick)=\"manageFullscreen()\"></ngx-gallery-action>\n                <ngx-gallery-action [icon]=\"closeIcon\" (onClick)=\"close()\"></ngx-gallery-action>\n            </div>\n        </div>\n        <div class=\"ngx-spinner-wrapper ngx-gallery-center\" [class.ngx-gallery-active]=\"showSpinner\">\n          <mat-icon class=\"ngx-gallery-icon-content\">{{ spinnerIcon }}</mat-icon>\n        </div>\n        <div class=\"ngx-gallery-preview-wrapper\" (click)=\"closeOnClick && close()\" (mouseup)=\"mouseUpHandler($event)\" (mousemove)=\"mouseMoveHandler($event)\" (touchend)=\"mouseUpHandler($event)\" (touchmove)=\"mouseMoveHandler($event)\">\n            <div class=\"ngx-gallery-preview-img-wrapper\">\n                <img *ngIf=\"src\" #previewImage class=\"ngx-gallery-preview-img ngx-gallery-center\" [src]=\"src\" (click)=\"$event.stopPropagation()\" (mouseenter)=\"imageMouseEnter()\" (mouseleave)=\"imageMouseLeave()\" (mousedown)=\"mouseDownHandler($event)\" (touchstart)=\"mouseDownHandler($event)\" [class.ngx-gallery-active]=\"!loading\" [class.animation]=\"animation\" [class.ngx-gallery-grab]=\"canDragOnZoom()\" [style.transform]=\"getTransform()\" [style.left]=\"positionLeft + 'px'\" [style.top]=\"positionTop + 'px'\"/>\n                <ngx-gallery-bullets *ngIf=\"bullets\" [count]=\"images.length\" [active]=\"index\" (onChange)=\"showAtIndex($event)\"></ngx-gallery-bullets>\n            </div>\n            <div class=\"ngx-gallery-preview-text\" *ngIf=\"showDescription && description\" [innerHTML]=\"description\" (click)=\"$event.stopPropagation()\"></div>\n        </div>\n    ","styles":[":host(.ngx-gallery-active){width:100%;height:100%;position:fixed;left:0;top:0;background:rgba(0,0,0,.7);z-index:10000;display:inline-block}:host{display:none}:host ::ng-deep .ngx-gallery-arrow{font-size:50px}:host ::ng-deep ngx-gallery-bullets{height:5%;align-items:center;padding:0}.ngx-gallery-preview-img{opacity:0;max-width:90%;max-height:90%;-webkit-user-select:none;-moz-user-select:none;-ms-user-select:none;user-select:none;transition:transform .5s}.ngx-gallery-preview-img.animation{transition:opacity .5s linear,transform .5s}.ngx-gallery-preview-img.ngx-gallery-active{opacity:1}.ngx-gallery-preview-img.ngx-gallery-grab{cursor:grab;cursor:-webkit-grab}.ngx-gallery-icon.ngx-gallery-spinner{font-size:50px;left:0;display:inline-block}:host ::ng-deep .ngx-gallery-preview-top{position:absolute;width:100%;-webkit-user-select:none;-moz-user-select:none;-ms-user-select:none;user-select:none}:host ::ng-deep .ngx-gallery-preview-icons{float:right}:host ::ng-deep .ngx-gallery-preview-icons .ngx-gallery-icon{position:relative;margin-right:10px;margin-top:10px;font-size:25px;cursor:pointer;text-decoration:none}:host ::ng-deep .ngx-gallery-preview-icons .ngx-gallery-icon.ngx-gallery-icon-disabled{cursor:default;opacity:.4}.ngx-spinner-wrapper{width:50px;height:50px;display:none}.ngx-spinner-wrapper.ngx-gallery-active{display:inline-block}.ngx-gallery-center{position:absolute;left:0;right:0;bottom:0;margin:auto;top:0}.ngx-gallery-preview-text{width:100%;background:rgba(0,0,0,.7);padding:10px;text-align:center;color:#fff;font-size:16px;flex:0 1 auto;z-index:10}.ngx-gallery-preview-wrapper{width:100%;height:100%;display:flex;flex-flow:column}.ngx-gallery-preview-img-wrapper{flex:1 1 auto;position:relative}"]}]}],"members":{"images":[{"__symbolic":"property","decorators":[{"__symbolic":"call","expression":{"__symbolic":"reference","module":"@angular/core","name":"Input","line":51,"character":5}}]}],"descriptions":[{"__symbolic":"property","decorators":[{"__symbolic":"call","expression":{"__symbolic":"reference","module":"@angular/core","name":"Input","line":52,"character":5}}]}],"showDescription":[{"__symbolic":"property","decorators":[{"__symbolic":"call","expression":{"__symbolic":"reference","module":"@angular/core","name":"Input","line":53,"character":5}}]}],"arrows":[{"__symbolic":"property","decorators":[{"__symbolic":"call","expression":{"__symbolic":"reference","module":"@angular/core","name":"Input","line":54,"character":5}}]}],"arrowsAutoHide":[{"__symbolic":"property","decorators":[{"__symbolic":"call","expression":{"__symbolic":"reference","module":"@angular/core","name":"Input","line":55,"character":5}}]}],"swipe":[{"__symbolic":"property","decorators":[{"__symbolic":"call","expression":{"__symbolic":"reference","module":"@angular/core","name":"Input","line":56,"character":5}}]}],"fullscreen":[{"__symbolic":"property","decorators":[{"__symbolic":"call","expression":{"__symbolic":"reference","module":"@angular/core","name":"Input","line":57,"character":5}}]}],"forceFullscreen":[{"__symbolic":"property","decorators":[{"__symbolic":"call","expression":{"__symbolic":"reference","module":"@angular/core","name":"Input","line":58,"character":5}}]}],"closeOnClick":[{"__symbolic":"property","decorators":[{"__symbolic":"call","expression":{"__symbolic":"reference","module":"@angular/core","name":"Input","line":59,"character":5}}]}],"closeOnEsc":[{"__symbolic":"property","decorators":[{"__symbolic":"call","expression":{"__symbolic":"reference","module":"@angular/core","name":"Input","line":60,"character":5}}]}],"keyboardNavigation":[{"__symbolic":"property","decorators":[{"__symbolic":"call","expression":{"__symbolic":"reference","module":"@angular/core","name":"Input","line":61,"character":5}}]}],"arrowPrevIcon":[{"__symbolic":"property","decorators":[{"__symbolic":"call","expression":{"__symbolic":"reference","module":"@angular/core","name":"Input","line":62,"character":5}}]}],"arrowNextIcon":[{"__symbolic":"property","decorators":[{"__symbolic":"call","expression":{"__symbolic":"reference","module":"@angular/core","name":"Input","line":63,"character":5}}]}],"closeIcon":[{"__symbolic":"property","decorators":[{"__symbolic":"call","expression":{"__symbolic":"reference","module":"@angular/core","name":"Input","line":64,"character":5}}]}],"fullscreenIcon":[{"__symbolic":"property","decorators":[{"__symbolic":"call","expression":{"__symbolic":"reference","module":"@angular/core","name":"Input","line":65,"character":5}}]}],"spinnerIcon":[{"__symbolic":"property","decorators":[{"__symbolic":"call","expression":{"__symbolic":"reference","module":"@angular/core","name":"Input","line":66,"character":5}}]}],"autoPlay":[{"__symbolic":"property","decorators":[{"__symbolic":"call","expression":{"__symbolic":"reference","module":"@angular/core","name":"Input","line":67,"character":5}}]}],"autoPlayInterval":[{"__symbolic":"property","decorators":[{"__symbolic":"call","expression":{"__symbolic":"reference","module":"@angular/core","name":"Input","line":68,"character":5}}]}],"autoPlayPauseOnHover":[{"__symbolic":"property","decorators":[{"__symbolic":"call","expression":{"__symbolic":"reference","module":"@angular/core","name":"Input","line":69,"character":5}}]}],"infinityMove":[{"__symbolic":"property","decorators":[{"__symbolic":"call","expression":{"__symbolic":"reference","module":"@angular/core","name":"Input","line":70,"character":5}}]}],"zoom":[{"__symbolic":"property","decorators":[{"__symbolic":"call","expression":{"__symbolic":"reference","module":"@angular/core","name":"Input","line":71,"character":5}}]}],"zoomStep":[{"__symbolic":"property","decorators":[{"__symbolic":"call","expression":{"__symbolic":"reference","module":"@angular/core","name":"Input","line":72,"character":5}}]}],"zoomMax":[{"__symbolic":"property","decorators":[{"__symbolic":"call","expression":{"__symbolic":"reference","module":"@angular/core","name":"Input","line":73,"character":5}}]}],"zoomMin":[{"__symbolic":"property","decorators":[{"__symbolic":"call","expression":{"__symbolic":"reference","module":"@angular/core","name":"Input","line":74,"character":5}}]}],"zoomInIcon":[{"__symbolic":"property","decorators":[{"__symbolic":"call","expression":{"__symbolic":"reference","module":"@angular/core","name":"Input","line":75,"character":5}}]}],"zoomOutIcon":[{"__symbolic":"property","decorators":[{"__symbolic":"call","expression":{"__symbolic":"reference","module":"@angular/core","name":"Input","line":76,"character":5}}]}],"animation":[{"__symbolic":"property","decorators":[{"__symbolic":"call","expression":{"__symbolic":"reference","module":"@angular/core","name":"Input","line":77,"character":5}}]}],"actions":[{"__symbolic":"property","decorators":[{"__symbolic":"call","expression":{"__symbolic":"reference","module":"@angular/core","name":"Input","line":78,"character":5}}]}],"rotate":[{"__symbolic":"property","decorators":[{"__symbolic":"call","expression":{"__symbolic":"reference","module":"@angular/core","name":"Input","line":79,"character":5}}]}],"rotateLeftIcon":[{"__symbolic":"property","decorators":[{"__symbolic":"call","expression":{"__symbolic":"reference","module":"@angular/core","name":"Input","line":80,"character":5}}]}],"rotateRightIcon":[{"__symbolic":"property","decorators":[{"__symbolic":"call","expression":{"__symbolic":"reference","module":"@angular/core","name":"Input","line":81,"character":5}}]}],"download":[{"__symbolic":"property","decorators":[{"__symbolic":"call","expression":{"__symbolic":"reference","module":"@angular/core","name":"Input","line":82,"character":5}}]}],"downloadIcon":[{"__symbolic":"property","decorators":[{"__symbolic":"call","expression":{"__symbolic":"reference","module":"@angular/core","name":"Input","line":83,"character":5}}]}],"bullets":[{"__symbolic":"property","decorators":[{"__symbolic":"call","expression":{"__symbolic":"reference","module":"@angular/core","name":"Input","line":84,"character":5}}]}],"onOpen":[{"__symbolic":"property","decorators":[{"__symbolic":"call","expression":{"__symbolic":"reference","module":"@angular/core","name":"Output","line":86,"character":5}}]}],"onClose":[{"__symbolic":"property","decorators":[{"__symbolic":"call","expression":{"__symbolic":"reference","module":"@angular/core","name":"Output","line":87,"character":5}}]}],"onActiveChange":[{"__symbolic":"property","decorators":[{"__symbolic":"call","expression":{"__symbolic":"reference","module":"@angular/core","name":"Output","line":88,"character":5}}]}],"previewImage":[{"__symbolic":"property","decorators":[{"__symbolic":"call","expression":{"__symbolic":"reference","module":"@angular/core","name":"ViewChild","line":91,"character":5},"arguments":["previewImage"]}]}],"__ctor__":[{"__symbolic":"constructor","parameters":[{"__symbolic":"reference","module":"@angular/platform-browser","name":"DomSanitizer","line":103,"character":38},{"__symbolic":"reference","module":"@angular/core","name":"ElementRef","line":103,"character":72},{"__symbolic":"reference","name":"NgxGalleryHelperService"},{"__symbolic":"reference","module":"@angular/core","name":"Renderer2","line":104,"character":74},{"__symbolic":"reference","module":"@angular/core","name":"ChangeDetectorRef","line":105,"character":35}]}],"ngOnInit":[{"__symbolic":"method"}],"ngOnChanges":[{"__symbolic":"method"}],"ngOnDestroy":[{"__symbolic":"method"}],"onMouseEnter":[{"__symbolic":"method","decorators":[{"__symbolic":"call","expression":{"__symbolic":"reference","module":"@angular/core","name":"HostListener","line":126,"character":5},"arguments":["mouseenter"]}]}],"onMouseLeave":[{"__symbolic":"method","decorators":[{"__symbolic":"call","expression":{"__symbolic":"reference","module":"@angular/core","name":"HostListener","line":132,"character":5},"arguments":["mouseleave"]}]}],"onKeyDown":[{"__symbolic":"method"}],"open":[{"__symbolic":"method"}],"close":[{"__symbolic":"method"}],"imageMouseEnter":[{"__symbolic":"method"}],"imageMouseLeave":[{"__symbolic":"method"}],"startAutoPlay":[{"__symbolic":"method"}],"stopAutoPlay":[{"__symbolic":"method"}],"showAtIndex":[{"__symbolic":"method"}],"showNext":[{"__symbolic":"method"}],"showPrev":[{"__symbolic":"method"}],"canShowNext":[{"__symbolic":"method"}],"canShowPrev":[{"__symbolic":"method"}],"manageFullscreen":[{"__symbolic":"method"}],"getSafeUrl":[{"__symbolic":"method"}],"zoomIn":[{"__symbolic":"method"}],"zoomOut":[{"__symbolic":"method"}],"rotateLeft":[{"__symbolic":"method"}],"rotateRight":[{"__symbolic":"method"}],"getTransform":[{"__symbolic":"method"}],"canZoomIn":[{"__symbolic":"method"}],"canZoomOut":[{"__symbolic":"method"}],"canDragOnZoom":[{"__symbolic":"method"}],"mouseDownHandler":[{"__symbolic":"method"}],"mouseUpHandler":[{"__symbolic":"method"}],"mouseMoveHandler":[{"__symbolic":"method"}],"getClientX":[{"__symbolic":"method"}],"getClientY":[{"__symbolic":"method"}],"resetPosition":[{"__symbolic":"method"}],"isKeyboardNext":[{"__symbolic":"method"}],"isKeyboardPrev":[{"__symbolic":"method"}],"isKeyboardEsc":[{"__symbolic":"method"}],"openFullscreen":[{"__symbolic":"method"}],"closeFullscreen":[{"__symbolic":"method"}],"isFullscreen":[{"__symbolic":"method"}],"show":[{"__symbolic":"method"}],"_show":[{"__symbolic":"method"}],"isLoaded":[{"__symbolic":"method"}]}},"NgxGalleryArrowsComponent":{"__symbolic":"class","decorators":[{"__symbolic":"call","expression":{"__symbolic":"reference","module":"@angular/core","name":"Component","line":2,"character":1},"arguments":[{"selector":"ngx-gallery-arrows","template":"\n        <div class=\"ngx-gallery-arrow-wrapper ngx-gallery-arrow-left\">\n            <div class=\"ngx-gallery-icon ngx-gallery-arrow\" aria-hidden=\"true\" (click)=\"handlePrevClick()\" [class.ngx-gallery-disabled]=\"prevDisabled\">\n                <!--<i class=\"ngx-gallery-icon-content {{arrowPrevIcon}}\"></i>-->\n              <mat-icon class=\"ngx-gallery-icon-content\">{{ arrowPrevIcon }}</mat-icon>\n            </div>\n        </div>\n        <div class=\"ngx-gallery-arrow-wrapper ngx-gallery-arrow-right\">\n            <div class=\"ngx-gallery-icon ngx-gallery-arrow\" aria-hidden=\"true\" (click)=\"handleNextClick()\" [class.ngx-gallery-disabled]=\"nextDisabled\">\n                <!--<i class=\"ngx-gallery-icon-content {{arrowNextIcon}}\"></i>-->\n              <mat-icon class=\"ngx-gallery-icon-content\">{{ arrowNextIcon }}</mat-icon>\n            </div>\n        </div>\n    ","styles":[".ngx-gallery-arrow-wrapper{position:absolute;height:100%;width:1px;display:table;z-index:2000;table-layout:fixed}.ngx-gallery-arrow-left{left:0}.ngx-gallery-arrow-right{right:0}.ngx-gallery-arrow{top:50%;transform:translateY(-50%);cursor:pointer}.ngx-gallery-arrow.ngx-gallery-disabled{opacity:.6;cursor:default}.ngx-gallery-arrow-left .ngx-gallery-arrow{left:10px}.ngx-gallery-arrow-right .ngx-gallery-arrow{right:10px}"]}]}],"members":{"prevDisabled":[{"__symbolic":"property","decorators":[{"__symbolic":"call","expression":{"__symbolic":"reference","module":"@angular/core","name":"Input","line":21,"character":5}}]}],"nextDisabled":[{"__symbolic":"property","decorators":[{"__symbolic":"call","expression":{"__symbolic":"reference","module":"@angular/core","name":"Input","line":22,"character":5}}]}],"arrowPrevIcon":[{"__symbolic":"property","decorators":[{"__symbolic":"call","expression":{"__symbolic":"reference","module":"@angular/core","name":"Input","line":23,"character":5}}]}],"arrowNextIcon":[{"__symbolic":"property","decorators":[{"__symbolic":"call","expression":{"__symbolic":"reference","module":"@angular/core","name":"Input","line":24,"character":5}}]}],"onPrevClick":[{"__symbolic":"property","decorators":[{"__symbolic":"call","expression":{"__symbolic":"reference","module":"@angular/core","name":"Output","line":26,"character":5}}]}],"onNextClick":[{"__symbolic":"property","decorators":[{"__symbolic":"call","expression":{"__symbolic":"reference","module":"@angular/core","name":"Output","line":27,"character":5}}]}],"handlePrevClick":[{"__symbolic":"method"}],"handleNextClick":[{"__symbolic":"method"}]}},"NgxGalleryBulletsComponent":{"__symbolic":"class","decorators":[{"__symbolic":"call","expression":{"__symbolic":"reference","module":"@angular/core","name":"Component","line":2,"character":1},"arguments":[{"selector":"ngx-gallery-bullets","template":"\n        <div class=\"ngx-gallery-bullet\" *ngFor=\"let bullet of getBullets(); let i = index;\" (click)=\"handleChange($event, i)\" [ngClass]=\"{ 'ngx-gallery-active': i == active }\"></div>\n    ","styles":[":host{position:absolute;z-index:2000;display:inline-flex;left:50%;transform:translateX(-50%);bottom:0;padding:10px}.ngx-gallery-bullet{width:10px;height:10px;border-radius:50%;cursor:pointer;background:#fff}.ngx-gallery-bullet:not(:first-child){margin-left:5px}.ngx-gallery-bullet.ngx-gallery-active,.ngx-gallery-bullet:hover{background:#000}"]}]}],"members":{"count":[{"__symbolic":"property","decorators":[{"__symbolic":"call","expression":{"__symbolic":"reference","module":"@angular/core","name":"Input","line":10,"character":5}}]}],"active":[{"__symbolic":"property","decorators":[{"__symbolic":"call","expression":{"__symbolic":"reference","module":"@angular/core","name":"Input","line":11,"character":5}}]}],"onChange":[{"__symbolic":"property","decorators":[{"__symbolic":"call","expression":{"__symbolic":"reference","module":"@angular/core","name":"Output","line":13,"character":5}}]}],"getBullets":[{"__symbolic":"method"}],"handleChange":[{"__symbolic":"method"}]}},"INgxGalleryOptions":{"__symbolic":"interface"},"NgxGalleryOptions":{"__symbolic":"class","members":{"__ctor__":[{"__symbolic":"constructor","parameters":[{"__symbolic":"reference","name":"any"}]}]}},"INgxGalleryImage":{"__symbolic":"interface"},"NgxGalleryImage":{"__symbolic":"class","members":{"__ctor__":[{"__symbolic":"constructor","parameters":[{"__symbolic":"reference","name":"any"}]}]}},"NgxGalleryAnimation":{"__symbolic":"class","members":{},"statics":{"Fade":"fade","Slide":"slide","Rotate":"rotate","Zoom":"zoom"}},"NgxGalleryHelperService":{"__symbolic":"class","decorators":[{"__symbolic":"call","expression":{"__symbolic":"reference","module":"@angular/core","name":"Injectable","line":2,"character":1},"arguments":[{"providedIn":"root"}]}],"members":{"__ctor__":[{"__symbolic":"constructor","parameters":[{"__symbolic":"reference","module":"@angular/core","name":"Renderer2","line":9,"character":34}]}],"manageSwipe":[{"__symbolic":"method"}],"validateUrl":[{"__symbolic":"method"}],"getBackgroundUrl":[{"__symbolic":"method"}],"getSwipeHandlers":[{"__symbolic":"method"}],"removeSwipeHandlers":[{"__symbolic":"method"}]},"statics":{"ngInjectableDef":{}}},"NgxGalleryImageSize":{"__symbolic":"class","members":{},"statics":{"Cover":"cover","Contain":"contain"}},"NgxGalleryLayout":{"__symbolic":"class","members":{},"statics":{"ThumbnailsTop":"thumbnails-top","ThumbnailsBottom":"thumbnails-bottom"}},"NgxGalleryOrder":{"__symbolic":"class","members":{},"statics":{"Column":1,"Row":2,"Page":3}},"INgxGalleryOrderedImage":{"__symbolic":"interface"},"NgxGalleryOrderedImage":{"__symbolic":"class","members":{"__ctor__":[{"__symbolic":"constructor","parameters":[{"__symbolic":"reference","name":"any"}]}]}},"INgxGalleryAction":{"__symbolic":"interface"},"NgxGalleryAction":{"__symbolic":"class","members":{"__ctor__":[{"__symbolic":"constructor","parameters":[{"__symbolic":"reference","name":"any"}]}]}}},"origins":{"CustomHammerConfig":"./index","NgxGalleryModule":"./index","NgxGalleryComponent":"./lib/ngx-gallery.component","NgxGalleryActionComponent":"./lib/ngx-gallery-action.component","NgxGalleryImageComponent":"./lib/ngx-gallery-image.component","NgxGalleryThumbnailsComponent":"./lib/ngx-gallery-thumbnails.component","NgxGalleryPreviewComponent":"./lib/ngx-gallery-preview.component","NgxGalleryArrowsComponent":"./lib/ngx-gallery-arrows.component","NgxGalleryBulletsComponent":"./lib/ngx-gallery-bullets.component","INgxGalleryOptions":"./lib/ngx-gallery-options.model","NgxGalleryOptions":"./lib/ngx-gallery-options.model","INgxGalleryImage":"./lib/ngx-gallery-image.model","NgxGalleryImage":"./lib/ngx-gallery-image.model","NgxGalleryAnimation":"./lib/ngx-gallery-animation.model","NgxGalleryHelperService":"./lib/ngx-gallery-helper.service","NgxGalleryImageSize":"./lib/ngx-gallery-image-size.model","NgxGalleryLayout":"./lib/ngx-gallery-layout.model","NgxGalleryOrder":"./lib/ngx-gallery-order.model","INgxGalleryOrderedImage":"./lib/ngx-gallery-ordered-image.model","NgxGalleryOrderedImage":"./lib/ngx-gallery-ordered-image.model","INgxGalleryAction":"./lib/ngx-gallery-action.model","NgxGalleryAction":"./lib/ngx-gallery-action.model"},"importAs":"neo-carousel"}